date,year,quarter,mapped_sector,ERI_Score_V1,Score_Res_V1,Score_Abs_V1,Score_Rec_V1,ERI_Score_V2,Score_Res_V2,Score_Abs_V2,Score_Rec_V2,Digital_Adoption
2019-12-31,2019,4,Accommodation & Food Services,0.7538246324770079,1.0,0.9162575468531844,0.263157894736842,0.756821101348646,1.01,0.9594370107673812,0.273157894736842,
2020-03-31,2020,1,Accommodation & Food Services,0.7194220201556475,0.943631975992054,0.8898974325294196,0.2499999999999999,0.6746992817866969,0.8505797101449275,0.91859164073872,0.2599999999999999,
2020-06-30,2020,2,Accommodation & Food Services,0.6784352616708188,0.9239933719330362,0.7926176043955231,0.2368421052631578,0.5959526861285349,0.865072463768116,0.6727005049257049,0.2468421052631578,
2020-09-30,2020,3,Accommodation & Food Services,0.668304583579074,0.9116882785885804,0.7884133632858237,0.2236842105263157,0.5861731553196188,0.8795652173913043,0.6645044403198244,0.2336842105263157,
2020-12-31,2020,4,Accommodation & Food Services,0.6626346493732136,0.9038583752156454,0.7931113485003778,0.2105263157894736,0.5655577944960085,0.8940579710144927,0.6255058280863488,0.2205263157894736,
2021-03-31,2021,1,Accommodation & Food Services,0.6623901729906154,0.9038583752156454,0.7922964272250509,0.2105263157894736,0.5641816367939432,0.8940579710144927,0.62142075949787,0.2205263157894736,
2021-06-30,2021,2,Accommodation & Food Services,0.6610770990424985,0.9038583752156454,0.7879195140646608,0.2105263157894736,0.5819014060464889,0.8940579710144927,0.6754693062819517,0.2205263157894736,
2021-09-30,2021,3,Accommodation & Food Services,0.6611654412250051,0.9038583752156454,0.7882139880063495,0.2105263157894736,0.594333307006734,0.8940579710144927,0.7152972887040742,0.2205263157894736,
2021-12-31,2021,4,Accommodation & Food Services,0.663121539361161,0.9038583752156454,0.7947343151268694,0.2105263157894736,0.5964413546024556,0.8940579710144927,0.7222100078613878,0.2205263157894736,
2022-03-31,2022,1,Accommodation & Food Services,0.6626464376244886,0.8999025604705764,0.795135588647176,0.2138157894736841,0.5988098658395912,0.8904347826086957,0.7232081284313654,0.2238157894736841,
2022-06-30,2022,2,Accommodation & Food Services,0.6603706590868439,0.8962711395628997,0.7891020810477187,0.2171052631578946,0.5985085595797286,0.8868115942028986,0.7156381337415999,0.2271052631578946,
2022-09-30,2022,3,Accommodation & Food Services,0.6591250404946261,0.8929311003237912,0.7861139310415934,0.2203947368421052,0.598989794156019,0.8831884057971015,0.7108336025468625,0.2303947368421052,
2022-12-31,2022,4,Accommodation & Food Services,0.6423167648018246,0.8898559317474132,0.7308970964832157,0.2236842105263157,0.5932812052169711,0.8795652173913043,0.68658130147856,0.2336842105263157,
2023-03-31,2023,1,Accommodation & Food Services,0.6518776681753472,0.899452682071116,0.7368132125598449,0.2368421052631578,0.5992708803820753,0.865072463768116,0.6829305380129589,0.2468421052631578,
2023-06-30,2023,2,Accommodation & Food Services,0.6843844923008296,0.9133391105333976,0.8134961602915689,0.2499999999999999,0.6605129280673254,0.8505797101449275,0.8660466792843465,0.2599999999999999,
2023-09-30,2023,3,Accommodation & Food Services,0.6964138240051845,0.934176329238014,0.812653079629754,0.263157894736842,0.7104180205272466,0.9485124538098654,0.8730789543157316,0.273157894736842,
2023-12-31,2023,4,Accommodation & Food Services,0.7198383675124616,0.9759645938039114,0.8218593104959724,0.2763157894736841,0.7420211767756159,0.9955072463768116,0.8825408517909143,0.2863157894736841,
2024-03-31,2024,1,Accommodation & Food Services,0.7196269527415656,0.9759645938039114,0.8211545945929859,0.2763157894736841,0.742100683565149,0.9955072463768116,0.8828075020425874,0.2863157894736841,
2024-06-30,2024,2,Accommodation & Food Services,0.7240631923530908,0.9759645938039114,0.8359420599647367,0.2763157894736841,0.7512590412849908,0.9955072463768116,0.9139019455292782,0.2863157894736841,
2024-09-30,2024,3,Accommodation & Food Services,0.7254378381266833,0.9759645938039114,0.8405242125433783,0.2763157894736841,0.7569254606434939,0.9955072463768116,0.9335198098947538,0.2863157894736841,
2024-12-31,2024,4,Accommodation & Food Services,0.7244916515878208,0.9759645938039114,0.8373702574138366,0.2763157894736841,0.752570779913859,0.9955072463768116,0.9184174273410116,0.2863157894736841,
2019-12-31,2019,4,Admin & Support Services,0.6109281019796806,0.7323530438705476,0.8625878603855737,0.1973684210526315,0.5579082065686027,0.691159420289855,0.9038784216528344,0.2073684210526315,
2020-03-31,2020,1,Admin & Support Services,0.6044730703265921,0.7389086584750555,0.8586460582096191,0.1710526315789473,0.5509884549232654,0.7456114956291854,0.9049204473801324,0.1810526315789473,
2020-06-30,2020,2,Admin & Support Services,0.5878270417731452,0.7502167317269121,0.8143976548360047,0.1447368421052631,0.5131888466345247,0.7911642192675145,0.809952745562408,0.1547368421052631,
2020-09-30,2020,3,Admin & Support Services,0.5873693147606996,0.7669680910368029,0.8168525418550161,0.1184210526315788,0.4896267380676863,0.8306508668512819,0.8084075902513205,0.1284210526315788,
2020-12-31,2020,4,Admin & Support Services,0.5961087284787541,0.7904641866485965,0.8409715829064898,0.0921052631578946,0.4578981522673266,0.865072463768116,0.8095920380281011,0.1021052631578946,
2021-03-31,2021,1,Admin & Support Services,0.5981306033792224,0.8054764816501127,0.8408526673095386,0.0789473684210525,0.4367045995277735,0.876383413662422,0.80906745905789,0.0889473684210525,
2021-06-30,2021,2,Admin & Support Services,0.6002194920263636,0.8233765571771609,0.8371067568341202,0.0657894736842104,0.3988893538616718,0.8360869565217391,0.804893117408229,0.0757894736842104,
2021-09-30,2021,3,Admin & Support Services,0.6052103869438846,0.8451627268163265,0.837852741777145,0.0526315789473683,0.3726571034705784,0.8505797101449275,0.8048184297841731,0.0626315789473683,
2021-12-31,2021,4,Admin & Support Services,0.6136991106749605,0.8728165850894569,0.8424345712533995,0.0394736842105262,0.341737400601131,0.8650724637681159,0.8079874083392071,0.0494736842105262,
2022-03-31,2022,1,Admin & Support Services,0.6132730955342315,0.8440590144065124,0.8431737378352464,0.075657894736842,0.4381500154103109,0.8887526570416772,0.8315506860422739,0.085657894736842,
2022-06-30,2022,2,Admin & Support Services,0.6182237379839294,0.8323971986573353,0.839040756473493,0.1118421052631578,0.4969843147064723,0.8738529403764063,0.8280485280637648,0.1218421052631578,
2022-09-30,2022,3,Admin & Support Services,0.6300025593201881,0.8341840022240656,0.8397368789790661,0.1480263157894736,0.5622688797284547,0.9031108246537416,0.8478488773578716,0.1580263157894736,
2022-12-31,2022,4,Admin & Support Services,0.6573089043691015,0.8498989364147339,0.8736205730282369,0.1842105263157893,0.6069747570662692,0.912779653152183,0.8366488067269776,0.1942105263157894,
2023-03-31,2023,1,Admin & Support Services,0.6643212620110586,0.8551006843716811,0.8736120661377782,0.200657894736842,0.6155505068821296,0.9021791587241847,0.8140168327265376,0.210657894736842,
2023-06-30,2023,2,Admin & Support Services,0.6873224838964818,0.8637699129185199,0.9222764659390178,0.2171052631578946,0.6627386773131035,0.8938317424501347,0.936720421893658,0.2271052631578946,
2023-09-30,2023,3,Admin & Support Services,0.6976419443207306,0.8766354825752338,0.9230732060565098,0.2335526315789473,0.6786358880177783,0.8896468649072486,0.9386824319552196,0.2435526315789473,
2023-12-31,2023,4,Admin & Support Services,0.7065424809505686,0.8952320933242981,0.911498812069498,0.2499999999999999,0.6942951047850691,0.8940579710144927,0.930814726434534,0.2599999999999999,
2024-03-31,2024,1,Admin & Support Services,0.7100261622059616,0.9035771216900113,0.9021159573805588,0.2598684210526315,0.6989692050974671,0.8831884057971015,0.9287563354167264,0.2698684210526315,
2024-06-30,2024,2,Admin & Support Services,0.7190244640252327,0.9145981734298756,0.907547140072345,0.2697368421052631,0.7317308516757707,0.9408739709118156,0.9363382098219336,0.2797368421052631,
2024-09-30,2024,3,Admin & Support Services,0.7277422115615785,0.9295399699900674,0.9068154820606104,0.2796052631578947,0.7424798029538763,0.954813238363305,0.9240560040806436,0.2896052631578947,
2024-12-31,2024,4,Admin & Support Services,0.7351760057203066,0.9519291876078224,0.8918740847133992,0.2894736842105262,0.7588365491719709,0.9810144927536232,0.9166422798303216,0.2994736842105262,
2024-06-30,2024,2,Arts & Recreation,0.7017400351911545,0.8931843184150062,0.8587473418733136,0.2894736842105262,0.6573636851075751,0.8040192695137407,0.7998589944577116,0.2994736842105263,
2024-09-30,2024,3,Arts & Recreation,0.7557763337691814,0.9696567870533832,0.9138787298260936,0.3124999999999999,0.7944301851798433,0.9882608695652174,0.9600241617043428,0.3224999999999999,
2024-12-31,2024,4,Arts & Recreation,0.7613330501261389,0.9759645938039114,0.920701234997704,0.3157894736842104,0.803627833653728,0.9955072463768116,0.9725153792291008,0.3257894736842104,
2019-12-31,2019,4,Construction,0.6458494742343354,0.9519291876078227,0.6467505587075295,0.2368421052631578,0.5839393117432076,0.9520289855072464,0.560241812850877,0.2468421052631578,
2020-03-31,2020,1,Construction,0.5706346080273245,0.7917172216163072,0.6524134505675843,0.194078947368421,0.4728639062493053,0.7218027481834162,0.5603190822061649,0.204078947368421,
2020-06-30,2020,2,Construction,0.5281066303223927,0.7200881132287097,0.648922160629345,0.1513157894736841,0.3459370040535704,0.481014492753623,0.5580224346046008,0.1613157894736841,
2020-09-30,2020,3,Construction,0.4936402320723315,0.6725589384974093,0.6401695573322785,0.1085526315789473,0.3073005874946621,0.5281159420289854,0.5071613793622095,0.1185526315789473,
2020-12-31,2020,4,Construction,0.4227211549568426,0.6394689070586703,0.4906558334270375,0.0657894736842104,0.0133805492869523,0.5752173913043478,0.0186338743750065,0.0757894736842104,
2021-03-31,2021,1,Construction,0.4121923348429649,0.5931026854229043,0.4877761320705722,0.0953947368421052,0.1608520635009893,0.5426086956521738,0.1441397592996418,0.1053947368421052,
2021-06-30,2021,2,Construction,0.4063324209711483,0.554776943329929,0.4897388121305891,0.1249999999999999,0.0244178075942775,0.5099999999999999,0.0155946224085046,0.1349999999999999,
2021-09-30,2021,3,Construction,0.4032523722400009,0.5225514627530654,0.4928340273046879,0.1546052631578947,0.1984467724588211,0.4773913043478259,0.1630637508509019,0.1646052631578947,
2021-12-31,2021,4,Construction,0.3899427937889274,0.4952564698821385,0.4552568264711172,0.1842105263157893,0.1773984481279122,0.4447826086956521,0.1222280977437438,0.1942105263157894,
2022-03-31,2022,1,Construction,0.3814981716894738,0.4887177004506544,0.4226685506447422,0.1973684210526315,0.2588187319247292,0.4302898550724636,0.2587970241599651,0.2073684210526315,
2022-06-30,2022,2,Construction,0.3725483836499618,0.4828197144920525,0.3875420103876622,0.2105263157894736,0.2458225492764109,0.4157971014492753,0.2277876787262206,0.2205263157894736,
2022-09-30,2022,3,Construction,0.3606125114293261,0.4775408103471752,0.3416364137752042,0.2236842105263157,0.2255978861937452,0.4013043478260869,0.1879119979109864,0.2336842105263157,
2022-12-31,2022,4,Construction,0.2601975870630413,0.4728623887102349,0.0,0.2368421052631578,0.1690101463916938,0.3868115942028984,0.1058071871581025,0.2468421052631578,
2023-03-31,2023,1,Construction,0.2976419622193827,0.5207399370151209,0.0050568001497113,0.2927631578947368,0.043073276221574,0.3252173913043478,0.0183116030045246,0.3027631578947368,
2023-06-30,2023,2,Construction,0.3450202551921413,0.5863919308171982,0.0195273990245576,0.3486842105263157,0.0479372378570657,0.4822070221846334,0.01,0.3586842105263157,
2023-09-30,2023,3,Construction,0.4058795196967579,0.68059689732433,0.0408639393988581,0.4046052631578947,0.2793101137947238,0.6016391802263175,0.0980294736612775,0.4146052631578947,
2023-12-31,2023,4,Construction,0.5562587058367022,0.849898936414734,0.2604707884465549,0.4605263157894735,0.6868292714829861,0.912779653152183,0.4854720535690715,0.4705263157894735,
2024-03-31,2024,1,Construction,0.5514719499378062,0.8581223747624782,0.2565766667760497,0.4374999999999999,0.6777016919380519,0.930757851679593,0.4791782404771606,0.4474999999999999,
2024-06-30,2024,2,Construction,0.5555043375175006,0.8736711305889338,0.2723126000625643,0.4144736842105262,0.6925091980676803,0.9302898550724638,0.5368615381976898,0.4244736842105262,
2024-09-30,2024,3,Construction,0.566754824728281,0.8999025604705764,0.2978653000457822,0.3914473684210525,0.7082141126692498,0.9556521739130436,0.583067010089948,0.4014473684210525,
2024-12-31,2024,4,Construction,0.5803021380022018,0.9519291876078226,0.2966804905653298,0.3684210526315788,0.7036773276429087,0.9810144927536232,0.5866736473512442,0.3784210526315789,
2019-12-31,2019,4,Education & Health,0.768865464544353,0.9759645938039112,0.945809283058418,0.3157894736842104,0.8051323754572723,0.9955072463768116,0.9777200533409228,0.3257894736842104,
2020-03-31,2020,1,Education & Health,0.7539313603682217,0.9471016256137352,0.9443813144441796,0.3059210526315788,0.7836563334559741,0.9624823295340434,0.976480436010726,0.3159210526315789,
2020-06-30,2020,2,Education & Health,0.742766296838501,0.9314885513073604,0.9378502894729088,0.2960526315789473,0.7431025144805327,0.8868115942028986,0.9672040207219268,0.3060526315789473,
2020-09-30,2020,3,Education & Health,0.7358139253949912,0.9208517686945864,0.9387265158642064,0.2861842105263157,0.7372792921117285,0.8976811594202898,0.9617634408116592,0.2961842105263157,
2020-12-31,2020,4,Education & Health,0.7295292768268472,0.9133391105333976,0.93766298590461,0.2763157894736841,0.7324606130280358,0.9085507246376812,0.9611655479836884,0.2863157894736841,
2021-03-31,2021,1,Education & Health,0.7285317382444225,0.9081805013351388,0.9379265292099952,0.2796052631578947,0.7323915854710957,0.904927536231884,0.9550711088421688,0.2896052631578947,
2021-06-30,2021,2,Education & Health,0.7277161575849105,0.9034835526448886,0.9381810515810785,0.2828947368421052,0.7319056418448303,0.9013043478260868,0.94763843444892,0.2928947368421052,
2021-09-30,2021,3,Education & Health,0.7267704778528675,0.8991837186358307,0.9374724241354684,0.2861842105263157,0.7331888691958264,0.8976811594202898,0.9468158736280295,0.2961842105263157,
2021-12-31,2021,4,Education & Health,0.7186896365415014,0.8952320933242983,0.9125156464954142,0.2894736842105262,0.7341929955958612,0.8940579710144927,0.9451126780104184,0.2994736842105263,
2022-03-31,2022,1,Education & Health,0.7195376726454017,0.8936076878241603,0.9142188338243884,0.2927631578947368,0.7368166297324356,0.8904347826086957,0.9494074146726632,0.3027631578947368,
2022-06-30,2022,2,Education & Health,0.7193406895158029,0.8921750139619954,0.9121829815244016,0.2960526315789473,0.7364563781528363,0.8868115942028986,0.9430231781425532,0.3060526315789473,
2022-09-30,2022,3,Education & Health,0.7199867598438665,0.8909265163243958,0.9127117391172028,0.2993421052631578,0.7389775787019611,0.8831884057971015,0.9471770520665423,0.3093421052631578,
2022-12-31,2022,4,Education & Health,0.71858476560493,0.8898559317474132,0.9061763974058472,0.3026315789473683,0.7391450872639184,0.8795652173913043,0.9429640555776908,0.3126315789473683,
2023-03-31,2023,1,Education & Health,0.72702685035475,0.899452682071116,0.908363118070135,0.3157894736842104,0.7446370262825037,0.865072463768116,0.944660922850306,0.3257894736842104,
2023-06-30,2023,2,Education & Health,0.7391833257026892,0.9133391105333976,0.9172115698767148,0.3289473684210525,0.7524688752738387,0.8505797101449275,0.956517341380554,0.3389473684210525,
2023-09-30,2023,3,Education & Health,0.7512207706606939,0.934176329238014,0.9163955333937333,0.3421052631578946,0.8027016559261423,0.9485124538098654,0.95660809526187,0.3521052631578946,
2023-12-31,2023,4,Education & Health,0.7629823607763357,0.9759645938039114,0.8867252529545006,0.3552631578947368,0.8262847724245946,0.9955072463768116,0.9391787215794783,0.3652631578947368,
2024-03-31,2024,1,Education & Health,0.7595294098528694,0.9718159879960272,0.8873258383218794,0.3486842105263157,0.8190813506916144,0.9917636849389596,0.9374264345216214,0.3586842105263157,
2024-06-30,2024,2,Education & Health,0.7566383017835032,0.9705627595295268,0.88593873008108,0.3421052631578947,0.8132168939617995,0.9905559306304366,0.937041715717836,0.3521052631578947,
2024-09-30,2024,3,Education & Health,0.7563510942890099,0.9718159879960272,0.8898893478458568,0.3355263157894736,0.8025240414646975,0.973768115942029,0.9406641426098477,0.3455263157894736,
2024-12-31,2024,4,Education & Health,0.75352384075091,0.9759645938039114,0.8815126423434323,0.3289473684210525,0.7984742387849816,0.9810144927536232,0.9358901522548404,0.3389473684210525,
2019-12-31,2019,4,Finance & Insurance,0.8425653163118934,0.9519291876078226,0.9472068744046532,0.5921052631578947,0.9772463088687656,0.9520289855072464,0.9832357512276602,0.6021052631578947,
2020-03-31,2020,1,Finance & Insurance,0.8423747582176159,0.9528774230150936,0.9485968405649106,0.5888157894736841,0.9798545841443408,0.9611473803168604,0.9838009496552697,0.5988157894736841,
2020-06-30,2020,2,Finance & Insurance,0.840276585719262,0.9542379499758284,0.9430783699736284,0.5855263157894737,0.978025908139814,0.9683727344453764,0.974062329497408,0.5955263157894737,
2020-09-30,2020,3,Finance & Insurance,0.8394299070044866,0.9560490399855366,0.941130794595644,0.582236842105263,0.9773207050711044,0.974315732602188,0.9694648777386838,0.5922368421052631,
2020-12-31,2020,4,Finance & Insurance,0.8393816673419103,0.9583694552878186,0.9411655823348904,0.5789473684210524,0.978993549696476,0.9792562269049326,0.973189142503892,0.5889473684210524,
2021-03-31,2021,1,Finance & Insurance,0.8338601714120004,0.9326847694370556,0.940559475281822,0.5953947368421052,0.9815783374270716,0.9674151487120566,0.9696926524129642,0.6053947368421052,
2021-06-30,2021,2,Finance & Insurance,0.8334939113635387,0.9198319212217412,0.9400283709863164,0.6118421052631577,0.9848332528761112,0.9552910548168786,0.9694123322029826,0.6218421052631578,
2021-09-30,2021,3,Finance & Insurance,0.835024813873983,0.9138614835233552,0.9366445945312594,0.6282894736842104,0.9942894544349444,0.9607193097509584,0.9639633193601276,0.6382894736842104,
2021-12-31,2021,4,Finance & Insurance,0.8394710431223328,0.9133391105333976,0.935714487591316,0.644736842105263,1.0,0.9548132383633052,0.9635687454960564,0.6547368421052631,
2022-03-31,2022,1,Finance & Insurance,0.8061201632658894,0.849898936414734,0.9354475763684073,0.6184210526315788,0.9338940454732056,0.8496600963949064,0.9603070949645516,0.6284210526315788,
2022-06-30,2022,2,Finance & Insurance,0.7833390067755747,0.8122774765467139,0.9359881240317358,0.5921052631578947,0.9078877474559588,0.8255373614295963,0.9594383253130736,0.6021052631578947,
2022-09-30,2022,3,Finance & Insurance,0.7652825540695813,0.7863686368300123,0.9366608574410444,0.5657894736842104,0.8374964701427628,0.7201449275362319,0.9536135400987296,0.5757894736842104,
2022-12-31,2022,4,Finance & Insurance,0.7347348996312821,0.7682109367463149,0.8853613988986614,0.5394736842105261,0.8347551263509051,0.7491304347826087,0.9391903784326564,0.5494736842105261,
2023-03-31,2023,1,Finance & Insurance,0.7292451870999206,0.7651161527019189,0.8843466305901593,0.5263157894736841,0.8451504706161672,0.7836159514229956,0.93896810707273,0.5363157894736841,
2023-06-30,2023,2,Finance & Insurance,0.7257735422089051,0.7632787021663139,0.8883823097377564,0.513157894736842,0.8550431540850201,0.8118145749104733,0.94951490696005,0.523157894736842,
2023-09-30,2023,3,Finance & Insurance,0.7224352850229789,0.7626693799283998,0.8912251101720633,0.4999999999999999,0.8589483002918378,0.836086956521739,0.948860851703794,0.5099999999999999,
2023-12-31,2023,4,Finance & Insurance,0.7165968806418814,0.7632787021663139,0.8841092273213617,0.4868421052631578,0.8555502432246708,0.8576536518722562,0.9307873928617544,0.4968421052631578,
2024-03-31,2024,1,Finance & Insurance,0.7186797454791658,0.7773073893354372,0.8822156149394436,0.4769736842105262,0.8540789641649298,0.8674009517814896,0.9308252019110922,0.4869736842105262,
2024-06-30,2024,2,Finance & Insurance,0.7218756887541721,0.7930650629577289,0.8817269487457068,0.4671052631578947,0.8521516069042271,0.8769742047051752,0.9302088513521878,0.4771052631578947,
2024-09-30,2024,3,Finance & Insurance,0.7269069446746056,0.8109836493307123,0.8844747743691389,0.457236842105263,0.8514670162582519,0.8863329843052463,0.9343438705399538,0.467236842105263,
2024-12-31,2024,4,Finance & Insurance,0.7331356668324723,0.8317521566273793,0.8874142595524371,0.4473684210526315,0.8510723731687277,0.8954247224576675,0.9403487700078698,0.4573684210526315,
2019-12-31,2019,4,Information & Communications,0.7549342093605913,0.9364082925447283,0.8600082376335612,0.4078947368421052,0.829082926305457,0.937536231884058,0.8979162074183122,0.4178947368421052,0.92
2020-03-31,2020,1,Information & Communications,0.7223080125138351,0.899452682071116,0.8136862901793661,0.394736842105263,0.7721874904063531,0.8836551030857775,0.819156906099756,0.404736842105263,0.91
2020-06-30,2020,2,Information & Communications,0.6674520482130343,0.875108365863456,0.6764500588570852,0.3815789473684209,0.6228825561343899,0.8532369010667831,0.487257382574214,0.3915789473684209,0.91
2020-09-30,2020,3,Information & Communications,0.6562550040700098,0.8567925397861911,0.6767055745535324,0.3684210526315788,0.6087469634908499,0.8336880426000517,0.4884008142195242,0.3784210526315789,0.91
2020-12-31,2020,4,Information & Communications,0.639834334007166,0.8423893014625213,0.6543322201791215,0.3552631578947368,0.5449925981096029,0.8215942028985508,0.3827470053445133,0.3652631578947368,0.91
2021-03-31,2021,1,Information & Communications,0.6359000229681068,0.8241961599421468,0.6523174773392479,0.3684210526315788,0.5422631469715288,0.8071014492753623,0.3732737906038994,0.3784210526315789,0.92
2021-06-30,2021,2,Information & Communications,0.6335047682097074,0.8092248776341855,0.6511371098183562,0.381578947368421,0.5917770940385522,0.792608695652174,0.4675079297551395,0.391578947368421,0.92
2021-09-30,2021,3,Information & Communications,0.6330955737543073,0.7967621991427658,0.6532321382187403,0.394736842105263,0.5957777198723161,0.7781159420289856,0.4721348248820773,0.404736842105263,0.92
2021-12-31,2021,4,Information & Communications,0.6297909670661418,0.7863686368300125,0.6429169709383507,0.4078947368421052,0.5935252062837348,0.7636231884057971,0.4640781723528282,0.4178947368421052,0.92
2022-03-31,2022,1,Information & Communications,0.6292552791537688,0.7863686368300125,0.6411313445637739,0.4078947368421052,0.590940412721054,0.7636231884057971,0.4586140704696257,0.4178947368421052,0.94
2022-06-30,2022,2,Information & Communications,0.626080574156911,0.7863686368300125,0.6305489945742481,0.4078947368421052,0.5823966265602197,0.7636231884057971,0.4408734181615534,0.4178947368421052,0.94
2022-09-30,2022,3,Information & Communications,0.6228472817607217,0.7863686368300125,0.6197713532536172,0.4078947368421052,0.5747590780448228,0.7636231884057971,0.4254261952687754,0.4178947368421052,0.94
2022-12-31,2022,4,Information & Communications,0.5840195468121985,0.7863686368300125,0.4903455700918731,0.4078947368421052,0.5387912016899593,0.7636231884057971,0.3577365912283731,0.4178947368421052,0.94
2023-03-31,2023,1,Information & Communications,0.6030795234852078,0.8009355358441413,0.5048510304918375,0.4374999999999999,0.6045160374637678,0.7310144927536232,0.4828429444299992,0.4474999999999999,0.94
2023-06-30,2023,2,Information & Communications,0.6487316286526473,0.8248133783719256,0.595582327855029,0.4671052631578947,0.7501967018319755,0.830003734081533,0.6961144817980195,0.4771052631578947,0.94
2023-09-30,2023,3,Information & Communications,0.6729206420164783,0.862779615751653,0.5959854594036007,0.4967105263157894,0.7756552724021198,0.8519940870884325,0.6957128050341663,0.5067105263157894,0.94
2023-12-31,2023,4,Information & Communications,0.7256769154437132,0.9364082925447283,0.6440628719457222,0.5263157894736841,0.8635628107663975,0.937536231884058,0.786575526490317,0.5363157894736841,0.94
2024-03-31,2024,1,Information & Communications,0.7179246385777422,0.9299253513487702,0.6400237653906049,0.513157894736842,0.8565254693802152,0.9411022358028712,0.7835989483925034,0.523157894736842,0.94
2024-06-30,2024,2,Information & Communications,0.7158193336265208,0.927893781411734,0.6488727368727575,0.4999999999999999,0.8576100432204384,0.9485124538098654,0.7983569028111026,0.5099999999999999,0.94
2024-09-30,2024,3,Information & Communications,0.7133613885775928,0.92992535134877,0.6511287215304581,0.4868421052631578,0.8533000055945651,0.9577456336889276,0.7973357173515007,0.4968421052631578,0.94
2024-12-31,2024,4,Information & Communications,0.7112567095705848,0.9364082925447283,0.6486270979826626,0.4736842105263157,0.8595160868870807,0.9677467253996715,0.8248158179950551,0.4836842105263157,0.94
2019-12-31,2019,4,Manufacturing,0.679898737792824,0.5433272822743159,0.9103138022419042,0.6315789473684209,0.7021498980786778,0.473768115942029,0.9077432328731492,0.6415789473684209,
2020-03-31,2020,1,Manufacturing,0.681146086720065,0.5538250699908291,0.910343002763322,0.6217105263157894,0.7058396443882202,0.4846376811594203,0.907663086679044,0.6317105263157894,
2020-06-30,2020,2,Manufacturing,0.679740743264788,0.5649491885423371,0.9006947875630191,0.6118421052631577,0.7063333718992676,0.4955072463768115,0.8969504351872355,0.6218421052631578,
2020-09-30,2020,3,Manufacturing,0.6727538503401851,0.5767490197780876,0.8715404572193073,0.6019736842105262,0.6844396001100097,0.5063768115942028,0.8109434261357227,0.6119736842105262,
2020-12-31,2020,4,Manufacturing,0.6131759601325483,0.5892827988807812,0.6661042054428915,0.5921052631578947,0.4947235079490154,0.5172463768115942,0.3331571678445957,0.6021052631578947,
2021-03-31,2021,1,Manufacturing,0.5992366063079216,0.5219468581106822,0.6666577891595311,0.6348684210526315,0.4849297243930475,0.4701449275362319,0.3353163862425949,0.6448684210526315,
2021-06-30,2021,2,Manufacturing,0.591811479982236,0.4687006216239867,0.6701391921614364,0.6776315789473684,0.4744917914709491,0.4230434782608695,0.3420787442685176,0.6876315789473684,
2021-09-30,2021,3,Manufacturing,0.5888794639854263,0.4256122491968735,0.6750538108468178,0.7203947368421052,0.4596116169351929,0.3759420289855071,0.3471428749514297,0.7303947368421052,
2021-12-31,2021,4,Manufacturing,0.5844294358566162,0.3905235173527549,0.6642422016482057,0.7631578947368419,0.4311888202460424,0.3288405797101449,0.3329907778587212,0.7731578947368419,
2022-03-31,2022,1,Manufacturing,0.6049515273958792,0.4286375198119773,0.6522252403422244,0.7927631578947367,0.4575148628813498,0.3711773227737933,0.3175064298842536,0.8027631578947367,
2022-06-30,2022,2,Manufacturing,0.6238801469573807,0.4722462936357843,0.6275703439575919,0.8223684210526314,0.537910017052774,0.4255537666252401,0.3899303642110501,0.8323684210526314,
2022-09-30,2022,3,Manufacturing,0.6471274602554664,0.5228540523658073,0.6079791134866188,0.8519736842105262,0.6143262755732645,0.4957752279867595,0.4395739171200952,0.8619736842105262,
2022-12-31,2022,4,Manufacturing,0.6524073277798865,0.58300128770666,0.5157770949556544,0.8815789473684208,0.7390635296693597,0.7121042783899352,0.438058800330508,0.8915789473684208,
2023-03-31,2023,1,Manufacturing,0.5826794858956414,0.4656005654638263,0.5155431464021242,0.8059210526315788,0.564544776916067,0.4906895294341548,0.3744219771572123,0.8159210526315788,
2023-06-30,2023,2,Manufacturing,0.5290473510168323,0.3850387376992269,0.5198430285624016,0.7302631578947367,0.5299367126872819,0.4707897051511409,0.3682731299839836,0.7402631578947367,
2023-09-30,2023,3,Manufacturing,0.4878515776769606,0.327934734160262,0.5343203502182915,0.6546052631578947,0.5199155442709151,0.4840383228976675,0.3757907921191382,0.6646052631578947,
2023-12-31,2023,4,Manufacturing,0.5084745926367455,0.2886169401190277,0.7311453535427288,0.5789473684210527,0.6868805726394069,0.5142715543047227,0.833668264621589,0.5889473684210527,
2024-03-31,2024,1,Manufacturing,0.5128595733925976,0.3445805405527938,0.7336438221505477,0.5164473684210525,0.6923622340196278,0.5665921956129003,0.8379754842018026,0.5264473684210526,
2024-06-30,2024,2,Manufacturing,0.525440598814277,0.4168627052195721,0.7417043540004412,0.4539473684210525,0.5957542158232548,0.4520289855072462,0.8496255230473023,0.4639473684210525,
2024-09-30,2024,3,Manufacturing,0.5454174537066099,0.5126713961699783,0.7430489490410095,0.3914473684210525,0.6083275929406078,0.5208695652173913,0.8603455518563885,0.4014473684210525,
2024-12-31,2024,4,Manufacturing,0.5805936900068784,0.650865558182359,0.7385441873587302,0.3289473684210525,0.6046490196560595,0.5897101449275362,0.8493957136686262,0.3389473684210525,
2019-12-31,2019,4,Other Industries,0.7781708315710496,1.0,0.997411543833323,0.263157894736842,0.7680415440173235,1.01,1.00025763766327,0.273157894736842,
2020-03-31,2020,1,Other Industries,0.7781708315710496,1.0,0.997411543833323,0.263157894736842,0.7680415440173235,1.01,1.00025763766327,0.273157894736842,
2020-06-30,2020,2,Other Industries,0.7780721388531557,1.0,0.9970825681070102,0.263157894736842,0.768621162482768,1.01,1.002398761559078,0.273157894736842,
2020-09-30,2020,3,Other Industries,0.7778874310004034,1.0,0.9964668752645022,0.263157894736842,0.768472387704732,1.01,1.0018488783666606,0.273157894736842,
2020-12-31,2020,4,Other Industries,0.7789473684210526,1.0,1.0,0.263157894736842,0.770609441979637,1.01,1.009767891527252,0.273157894736842,
2021-03-31,2021,1,Other Industries,0.7789473684210526,1.0,1.0,0.263157894736842,0.770609441979637,1.01,1.009767891527252,0.273157894736842,
2021-06-30,2021,2,Other Industries,0.7789473684210526,1.0,1.0,0.263157894736842,0.770609441979637,1.01,1.009767891527252,0.273157894736842,
2021-09-30,2021,3,Other Industries,0.7784392511571474,1.0,0.9983062757869824,0.263157894736842,0.7700953362800925,1.01,1.007858846846645,0.273157894736842,
2021-12-31,2021,4,Other Industries,0.7782805648984994,1.0,0.997777321591489,0.263157894736842,0.7702759321117687,1.01,1.0085291708366213,0.273157894736842,
2022-03-31,2022,1,Other Industries,0.7782805648984994,1.0,0.997777321591489,0.263157894736842,0.7702759321117687,1.01,1.0085291708366213,0.273157894736842,
2022-06-30,2022,2,Other Industries,0.7786151252133544,1.0,0.9988925226410058,0.263157894736842,0.7706719023846703,1.01,1.01,0.273157894736842,
2022-09-30,2022,3,Other Industries,0.7783836114295577,1.0,0.99812081002835,0.263157894736842,0.7704197511546699,1.01,1.0090632122827012,0.273157894736842,
2022-12-31,2022,4,Other Industries,0.778203751813147,1.0,0.9975212779736478,0.263157894736842,0.7700093682023748,1.01,1.007539865658286,0.273157894736842,
2023-03-31,2023,1,Other Industries,0.7781599535360613,1.0,0.9973752837166956,0.263157894736842,0.7699090612652542,1.01,1.0071677700335884,0.273157894736842,
2023-06-30,2023,2,Other Industries,0.7783726441411901,1.0,0.9980842524004582,0.263157894736842,0.7703845123906298,1.01,1.0089323423180414,0.273157894736842,
2023-09-30,2023,3,Other Industries,0.7783726441411901,1.0,0.9980842524004582,0.263157894736842,0.7703845123906298,1.01,1.0089323423180414,0.273157894736842,
2023-12-31,2023,4,Other Industries,0.7778934665415644,1.0,0.9964869937350396,0.263157894736842,0.7697972159383628,1.01,1.0067529853815158,0.273157894736842,
2024-03-31,2024,1,Other Industries,0.7779215523891945,1.0,0.9965806132271392,0.263157894736842,0.7697994991059417,1.01,1.0067614514404333,0.273157894736842,
2024-06-30,2024,2,Other Industries,0.7779399238860387,1.0,0.9966418515499536,0.263157894736842,0.7694143865493509,1.01,1.0053341462749763,0.273157894736842,
2024-09-30,2024,3,Other Industries,0.7771449206063552,1.0,0.9939918406176752,0.263157894736842,0.7686655611356743,1.01,1.0025629033691914,0.273157894736842,
2024-12-31,2024,4,Other Industries,0.7758035604211659,1.0,0.9895206400003778,0.263157894736842,0.7657500755151168,1.01,0.9918242405339188,0.273157894736842,
2019-12-31,2019,4,Other Services,0.7375074315960058,0.9583694552878186,0.7989532175678405,0.3815789473684209,0.8126846494741703,0.9665217391304348,0.8690057694893126,0.3915789473684209,
2020-03-31,2020,1,Other Services,0.6563632116375301,0.7983674372716612,0.7878611399734119,0.3355263157894736,0.536300188207323,0.4520289855072462,0.8598172272715474,0.3455263157894736,
2020-06-30,2020,2,Other Services,0.5800113020706826,0.730739077748223,0.6695785523607855,0.2894736842105262,0.4707068224681877,0.5027536231884058,0.6111507138804595,0.2994736842105262,
2020-09-30,2020,3,Other Services,0.5485994644341101,0.688118028813025,0.6677531237314219,0.2434210526315788,0.4638149157755439,0.5534782608695652,0.6115667044031317,0.2534210526315789,
2020-12-31,2020,4,Other Services,0.5087778781061321,0.660938870627752,0.6173060117974725,0.1973684210526315,0.4267014472084519,0.6042028985507246,0.5372544578915388,0.2073684210526315,
2021-03-31,2021,1,Other Services,0.5066045764444306,0.6514089181498399,0.6128998551763857,0.207236842105263,0.4284432798583439,0.5933333333333333,0.5308620136068618,0.2172368421052631,
2021-06-30,2021,2,Other Services,0.5055603528085821,0.6425869636298891,0.6113132946975268,0.2171052631578946,0.4329580139659942,0.5824637681159419,0.5344944504608455,0.2271052631578946,
2021-09-30,2021,3,Other Services,0.5034279057058135,0.6344217482990877,0.6052236704100686,0.2269736842105262,0.4383633124816034,0.5715942028985508,0.5421072630880777,0.2369736842105262,
2021-12-31,2021,4,Other Services,0.5047491557845528,0.6268701553163493,0.6098282069302192,0.2368421052631578,0.4271401940956802,0.5607246376811593,0.4998935067731415,0.2468421052631578,
2022-03-31,2022,1,Other Services,0.4982743684703852,0.6239063703605926,0.5889078221397921,0.2401315789473683,0.4478822656449163,0.5571014492753623,0.5614555397452594,0.2501315789473683,
2022-06-30,2022,2,Other Services,0.4937337562168739,0.6210133917668013,0.5743402790689325,0.2434210526315788,0.4276538756662007,0.5534782608695652,0.4969444717309556,0.2534210526315789,
2022-09-30,2022,3,Other Services,0.4863278965966104,0.6181896100314633,0.5501296489642942,0.2467105263157893,0.4186642800327071,0.5498550724637681,0.4690329678666389,0.2567105263157894,
2022-12-31,2022,4,Other Services,0.3917309518554814,0.6154335008625816,0.2351918383681628,0.2499999999999999,0.3667322687119697,0.546231884057971,0.3364971285664706,0.2599999999999999,
2023-03-31,2023,1,Other Services,0.4193657783218314,0.6467531143543217,0.2329168629863075,0.3026315789473683,0.3541044719746242,0.4882608695652173,0.2985411185298156,0.3126315789473683,
2023-06-30,2023,2,Other Services,0.4736217258657232,0.695973487732145,0.2955112780148142,0.3552631578947367,0.3934511722832067,0.4302898550724636,0.3913632074804885,0.3652631578947367,
2023-09-30,2023,3,Other Services,0.5233866724189634,0.7745279039682162,0.3040236325968177,0.4078947368421052,0.3846383096777296,0.37231884057971,0.3922640810559116,0.4178947368421052,
2023-12-31,2023,4,Other Services,0.6108574439674178,1.0,0.2423318307685857,0.4605263157894735,0.7562766450614031,1.01,0.555856222581851,0.4705263157894735,
2024-03-31,2024,1,Other Services,0.5986539578484493,0.9718159879960272,0.2458111737457423,0.4539473684210525,0.7243635189721775,0.9302898550724638,0.5570703067689651,0.4639473684210525,
2024-06-30,2024,2,Other Services,0.6004690874616894,0.961996685966518,0.2715329558643089,0.4473684210526314,0.7377149579185771,0.937536231884058,0.588751547885281,0.4573684210526315,
2024-09-30,2024,3,Other Services,0.6086409686173794,0.9558441392942902,0.3135549026480007,0.4407894736842104,0.7658047090811088,0.9447826086956522,0.6570752875126675,0.4507894736842104,
2024-12-31,2024,4,Other Services,0.5971190267504385,0.9519291876078227,0.286947312708575,0.4342105263157894,0.7226318641672904,0.9520289855072464,0.5603956834114784,0.4442105263157894,
2019-12-31,2019,4,Professional Services,0.7654888423754683,0.9519291876078227,0.9139695051428848,0.3684210526315788,0.8355181337715701,0.9810144927536232,0.9543468342641308,0.3784210526315789,0.426
2020-03-31,2020,1,Professional Services,0.7319936105946024,0.8814107818668854,0.9193695893173892,0.3453947368421052,0.7886700066500164,0.9010630697219354,0.9651434190775392,0.3553947368421052,0.42400000000000004
2020-06-30,2020,2,Professional Services,0.7071889669418145,0.8449297134818153,0.9083551841109964,0.3223684210526315,0.6895361361207873,0.7273913043478261,0.9404835054256392,0.3323684210526315,0.42400000000000004
2020-09-30,2020,3,Professional Services,0.6896531405511646,0.8203865920531844,0.9056529071698118,0.2993421052631578,0.6809959743248387,0.7527536231884058,0.932432602303969,0.3093421052631578,0.42400000000000004
2020-12-31,2020,4,Professional Services,0.6740809059019931,0.8032617212697656,0.8996049351732722,0.2763157894736841,0.6707303878375035,0.7781159420289855,0.9240598364052004,0.2863157894736841,0.42400000000000004
2021-03-31,2021,1,Professional Services,0.6740605305512404,0.8009355358441413,0.8993491242207183,0.2796052631578947,0.6719693733309212,0.7744927536231884,0.9239857873537248,0.2896052631578947,0.446
2021-06-30,2021,2,Professional Services,0.674206922182771,0.7987258954444345,0.8994938098412186,0.2828947368421052,0.6731417268953097,0.7708695652173913,0.9237968188251112,0.2928947368421052,0.446
2021-09-30,2021,3,Professional Services,0.6742309583340556,0.7966290012251204,0.8990803156203756,0.2861842105263157,0.6738600735849485,0.7672463768115942,0.9220194108648052,0.2961842105263157,0.446
2021-12-31,2021,4,Professional Services,0.674292368389176,0.7946413994403905,0.8986456778328731,0.2894736842105262,0.674915299628538,0.7636231884057971,0.9216607832110584,0.2994736842105262,0.446
2022-03-31,2022,1,Professional Services,0.6724337377217408,0.7858622006475824,0.8975768932967452,0.2960526315789473,0.6762923147885699,0.7563768115942029,0.9185723552333837,0.3060526315789473,0.466
2022-06-30,2022,2,Professional Services,0.6702688258848924,0.7777537082166759,0.8945928963800385,0.3026315789473683,0.6740565424560575,0.7491304347826087,0.9025206549632367,0.3126315789473683,0.466
2022-09-30,2022,3,Professional Services,0.6691861320773334,0.7702448996787493,0.8944167143703231,0.3092105263157894,0.6758068475849536,0.7418840579710144,0.9019218358307756,0.3192105263157894,0.466
2022-12-31,2022,4,Professional Services,0.6664044584305088,0.763278702166314,0.8878537848624004,0.3157894736842104,0.6768818966618796,0.7346376811594203,0.8993121796336612,0.3257894736842104,0.466
2023-03-31,2023,1,Professional Services,0.6816906690552846,0.7842244918861483,0.8878537848624004,0.3388157894736841,0.682124113484751,0.7092753623188406,0.8993121796336612,0.3488157894736841,0.47800000000000004
2023-06-30,2023,2,Professional Services,0.7037547765662644,0.8120852363289517,0.9012268348524544,0.3618421052631578,0.7353666763582976,0.7789098736362032,0.9189134328252362,0.3718421052631578,0.47800000000000004
2023-09-30,2023,3,Professional Services,0.7271710269166652,0.8506827593366062,0.9047913228874448,0.3848684210526314,0.8002239902438484,0.8824143705676883,0.9310054579692376,0.3948684210526315,0.47800000000000004
2023-12-31,2023,4,Professional Services,0.7622920824329062,0.9133391105333976,0.9152933905563854,0.4078947368421052,0.8527324169366617,0.954813238363305,0.9500291499494748,0.4178947368421052,0.47800000000000004
2024-03-31,2024,1,Professional Services,0.7554631670159758,0.9057548460301872,0.909221639205986,0.401315789473684,0.8418163790971382,0.9485124538098654,0.9383785845777338,0.4113157894736841,0.518
2024-06-30,2024,2,Professional Services,0.749971915466341,0.899452682071116,0.9058993000210523,0.394736842105263,0.8339007434541971,0.9443812671149464,0.9335384516161268,0.404736842105263,0.518
2024-09-30,2024,3,Professional Services,0.7458428630241487,0.8942032512274708,0.9057139803736924,0.388157894736842,0.8284663595228975,0.942022960002559,0.9344518027992994,0.398157894736842,0.518
2024-12-31,2024,4,Professional Services,0.742697013455748,0.8898559317474133,0.9076031884875212,0.3815789473684209,0.824260853143458,0.9412548334746004,0.9374194633835174,0.3915789473684209,0.518
2019-12-31,2019,4,Real Estate,0.6512390299580689,0.7863686368300125,0.8328315665430203,0.2894736842105262,0.6679559496620688,0.7636231884057971,0.8955331320891442,0.2994736842105262,
2020-03-31,2020,1,Real Estate,0.5685301050142809,0.6407731841063689,0.8236308414145497,0.2171052631578947,0.539320159622218,0.6146239749071379,0.8815186965480254,0.2271052631578947,
2020-06-30,2020,2,Real Estate,0.4951523293870546,0.5584413929429022,0.7611823985943827,0.1447368421052631,0.4271915087410886,0.5773967664753826,0.7671297382561024,0.1547368421052631,
2020-09-30,2020,3,Real Estate,0.4484454344352861,0.5066151056657184,0.7469628861773645,0.0723684210526315,0.3280000199264219,0.5782733345001682,0.7532459181680802,0.0823684210526315,
2020-12-31,2020,4,Real Estate,0.3859679474168039,0.4761604666214912,0.6516792025606915,0.0,0.0564961771278132,0.4302898550724636,0.4861711170364015,0.01,
2021-03-31,2021,1,Real Estate,0.3746712655437954,0.4276746329025565,0.6523555851355587,0.0263157894736841,0.1397788355344856,0.4013043478260869,0.4889951202842433,0.0363157894736841,
2021-06-30,2021,2,Real Estate,0.3654685816210062,0.3848626235447976,0.6524468617295889,0.0526315789473683,0.1901758030753171,0.37231884057971,0.5490572889168578,0.0626315789473683,
2021-09-30,2021,3,Real Estate,0.358127277878321,0.346608191819708,0.6526659687470734,0.0789473684210525,0.2937992115764703,0.5384841018841321,0.5940334294017005,0.0889473684210525,
2021-12-31,2021,4,Real Estate,0.3531000718760325,0.3121505142271389,0.6555363960558531,0.1052631578947367,0.3215108353933485,0.5171398239671898,0.5960520796122779,0.1152631578947367,
2022-03-31,2022,1,Real Estate,0.3505427444620456,0.2572928225248279,0.651076612910557,0.1743421052631578,0.3478033198902683,0.4213923614147381,0.5901153205607736,0.1843421052631578,
2022-06-30,2022,2,Real Estate,0.3533246128474995,0.216311215520763,0.6459127028324022,0.2434210526315788,0.3317116638620102,0.3085971389173183,0.5808487769825712,0.2534210526315788,
2022-09-30,2022,3,Real Estate,0.3634496953971187,0.1871043157857146,0.6495265636094432,0.3124999999999999,0.2658160595046077,0.1747391541983423,0.5867882020383504,0.3224999999999999,
2022-12-31,2022,4,Real Estate,0.3752295472615167,0.1684305206658085,0.6446121826155569,0.3815789473684209,0.0,0.01,0.584712482650475,0.3915789473684209,
2023-03-31,2023,1,Real Estate,0.431508082890422,0.2473448692716767,0.6447513277988204,0.463815789473684,0.1605639892998278,0.0655285287482729,0.5353762411763606,0.4738157894736841,
2023-06-30,2023,2,Real Estate,0.5058777743695401,0.3527710937567497,0.6698451579771868,0.5460526315789471,0.3281471719100604,0.1721420877515017,0.5619567519720909,0.5560526315789471,
2023-09-30,2023,3,Real Estate,0.5918134340488408,0.5012472228091032,0.6760923427331211,0.6282894736842104,0.5215243271161724,0.3543029942671446,0.5980203877895318,0.6382894736842104,
2023-12-31,2023,4,Real Estate,0.7660470942887472,0.7632787021663143,0.8252590622845983,0.7105263157894735,0.8796260977610564,0.7346376811594204,0.8547280228143758,0.7205263157894735,
2024-03-31,2024,1,Real Estate,0.7465912712932306,0.7379424170598576,0.8270827692835901,0.6776315789473684,0.8749198735839554,0.751130858319927,0.8561237975947906,0.6876315789473684,
2024-06-30,2024,2,Real Estate,0.7312635889115934,0.7212514555894934,0.831139846814057,0.644736842105263,0.8749479276182073,0.7745206259525809,0.863195754214581,0.6547368421052631,
2024-09-30,2024,3,Real Estate,0.7211127291817772,0.7117003372327604,0.8429332090324189,0.6118421052631577,0.8778341648490615,0.8015755442775219,0.8764845572053155,0.6218421052631578,
2024-12-31,2024,4,Real Estate,0.7015741816513883,0.708586187014731,0.8148516543972671,0.5789473684210527,0.8728454429970338,0.8307345380166233,0.8679827049722862,0.5889473684210527,
2019-12-31,2019,4,Transportation & Storage,0.7401616037115557,0.9133391105333976,0.920472496572936,0.3289473684210525,0.7962358060626034,0.954813238363305,0.9625562909657668,0.3389473684210525,
2020-03-31,2020,1,Transportation & Storage,0.6887409970457078,0.820336343511721,0.919126795294626,0.2828947368421052,0.6970991963367958,0.8049134536509434,0.9612411625340508,0.2928947368421052,
2020-06-30,2020,2,Transportation & Storage,0.6527263337936648,0.7764578004884772,0.9036352733977552,0.2368421052631578,0.5635766861935179,0.6042028985507246,0.9334364501769838,0.2468421052631578,
2020-09-30,2020,3,Transportation & Storage,0.6276258789773049,0.7538570206926956,0.8961540953165451,0.1907894736842104,0.5395936832586699,0.654927536231884,0.9173315699265188,0.2007894736842104,
2020-12-31,2020,4,Transportation & Storage,0.6078338703534544,0.7467712825088387,0.8856810157277998,0.1447368421052631,0.4959884481114918,0.7056521739130435,0.8625299602378894,0.1547368421052631,
2021-03-31,2021,1,Transportation & Storage,0.6009709432126401,0.7142160891964406,0.8864746742363531,0.1644736842105262,0.5119499114558951,0.6839130434782609,0.8667804848291909,0.1744736842105262,
2021-06-30,2021,2,Transportation & Storage,0.5954965564944775,0.6870778414743365,0.8846742067000204,0.1842105263157893,0.521390030128246,0.6621739130434783,0.8531692454570377,0.1942105263157894,
2021-09-30,2021,3,Transportation & Storage,0.5923760574904545,0.6640412462388137,0.8852511615620443,0.2039473684210525,0.5320670328708746,0.6404347826086956,0.854438746952102,0.2139473684210525,
2021-12-31,2021,4,Transportation & Storage,0.5983104348451441,0.6443084700595139,0.9116059455448128,0.2236842105263157,0.5444435758712849,0.618695652173913,0.8708829680667907,0.2336842105263157,
2022-03-31,2022,1,Transportation & Storage,0.5994282550660315,0.6344217482990877,0.9120669402072864,0.2401315789473683,0.5551914032139903,0.6005797101449275,0.8919534803203406,0.2501315789473683,
2022-06-30,2022,2,Transportation & Storage,0.5995510114606324,0.6260002749485869,0.9072573909022376,0.2565789473684209,0.5586926460303298,0.582463768115942,0.8866317888175173,0.2665789473684209,
2022-09-30,2022,3,Transportation & Storage,0.5972508267619361,0.6189468893488532,0.8925472542851758,0.2730263157894736,0.5818589825749688,0.6113669386762555,0.8734510168576578,0.2830263157894736,
2022-12-31,2022,4,Transportation & Storage,0.5848024118476309,0.6131867446533885,0.8422853624103923,0.2894736842105262,0.5594187614826525,0.546231884057971,0.862807012266248,0.2994736842105262,
2023-03-31,2023,1,Transportation & Storage,0.6116863777837681,0.6480843872489059,0.8393157604912124,0.3355263157894736,0.5600753967627555,0.4955072463768115,0.8542697767015375,0.3455263157894736,
2023-06-30,2023,2,Transportation & Storage,0.6471182398563832,0.698358046213348,0.8443377905350589,0.3815789473684209,0.5566435827149072,0.4447826086956521,0.8563084579866868,0.3915789473684209,
2023-09-30,2023,3,Transportation & Storage,0.6908636062344898,0.7740480053847831,0.8431831013212204,0.4276315789473683,0.7229057098530949,0.7019650535241697,0.8548368962903481,0.4376315789473683,
2023-12-31,2023,4,Transportation & Storage,0.7763250567027794,0.9364082925447288,0.8655215884233107,0.4736842105263157,0.8898257827432088,0.9677467253996715,0.9116078282173978,0.4836842105263157,
2024-03-31,2024,1,Transportation & Storage,0.7748387218687636,0.9394624980757724,0.866363285987831,0.463815789473684,0.8862118011139144,0.9748096563180352,0.910828639028724,0.4738157894736841,
2024-06-30,2024,2,Transportation & Storage,0.7766895255268034,0.945587534985711,0.8742343366873438,0.4539473684210525,0.882430535776447,0.973768115942029,0.9200840835638346,0.4639473684210525,
2024-09-30,2024,3,Transportation & Storage,0.7779655575432565,0.956049039985537,0.8744075244617175,0.4440789473684209,0.8801615333365758,0.9846376811594202,0.919402468786112,0.4540789473684209,
2024-12-31,2024,4,Transportation & Storage,0.7830040011666259,0.975964593803912,0.8745166858344149,0.4342105263157894,0.8776580105649254,0.9955072463768116,0.9185804143868436,0.4442105263157894,
2019-12-31,2019,4,Wholesale & Retail Trade,0.7594251655203684,0.8498989364147338,0.85874495230439,0.5394736842105262,0.8705727468801812,0.8360869565217391,0.9154915558798706,0.5494736842105262,
2020-03-31,2020,1,Wholesale & Retail Trade,0.6891760297665617,0.7422489837725905,0.8207460155952604,0.4868421052631578,0.7660567545727285,0.7247466736435182,0.8497730378019756,0.4968421052631578,
2020-06-30,2020,2,Wholesale & Retail Trade,0.6202223366306732,0.6820414627236423,0.723808645488265,0.4342105263157894,0.6044208087634287,0.6968089451452999,0.5182906875272599,0.4442105263157894,
2020-09-30,2020,3,Wholesale & Retail Trade,0.5896589428126374,0.6443084700595136,0.7248729019276856,0.381578947368421,0.5053088337217498,0.5317391304347825,0.5219442191358437,0.391578947368421,
2020-12-31,2020,4,Wholesale & Retail Trade,0.541269418496088,0.6222539404577312,0.645612105955599,0.3289473684210525,0.4330694943851947,0.5897101449275362,0.3525027933115982,0.3389473684210525,
2021-03-31,2021,1,Wholesale & Retail Trade,0.4675070873079239,0.3679556429141304,0.6466968022286255,0.4210526315789472,0.5466530152955611,0.6397959485668174,0.4563919318699889,0.4310526315789472,
2021-06-30,2021,2,Wholesale & Retail Trade,0.4318179287819747,0.2075602758891176,0.6494881666842502,0.513157894736842,0.5794357639646092,0.5575799629336821,0.5282733532917531,0.523157894736842,
2021-09-30,2021,3,Wholesale & Retail Trade,0.4158455749213082,0.0899813042721404,0.6609136861467702,0.6052631578947367,0.5715752980089267,0.4687970333380336,0.545568904295306,0.6152631578947367,
2021-12-31,2021,4,Wholesale & Retail Trade,0.4208054879831389,0.0,0.7053165388911649,0.6973684210526314,0.5312792679559725,0.376200880995076,0.5232457031909232,0.7073684210526314,
2022-03-31,2022,1,Wholesale & Retail Trade,0.4329152854108916,0.0070747807384291,0.7000652788061195,0.7335526315789472,0.4873475353275297,0.3079303621879776,0.5179480022069347,0.7435526315789472,
2022-06-30,2022,2,Wholesale & Retail Trade,0.4425104418295189,0.0164187272208989,0.6834063276986015,0.7697368421052629,0.421279641059101,0.2303154467860229,0.5005167875074155,0.779736842105263,
2022-09-30,2022,3,Wholesale & Retail Trade,0.453571105382176,0.0280972850391076,0.6685195852568643,0.8059210526315788,0.3365545878567709,0.1387380683760111,0.5421546506226204,0.8159210526315788,
2022-12-31,2022,4,Wholesale & Retail Trade,0.437342658238719,0.0421958485131572,0.5594424662869593,0.8421052631578946,0.5210791322090208,0.3128397987938729,0.5276296577739608,0.8521052631578946,
2023-03-31,2023,1,Wholesale & Retail Trade,0.4689851931590749,0.0899813042721404,0.5617299574656416,0.8815789473684208,0.5358393221384974,0.3528530986229199,0.462555028789543,0.8915789473684208,
2023-06-30,2023,2,Wholesale & Retail Trade,0.5154836153069128,0.1434488025903296,0.6059610159903226,0.9210526315789472,0.6038112648368986,0.4016495112517289,0.5140631623874163,0.9310526315789472,
2023-09-30,2023,3,Wholesale & Retail Trade,0.5510530594113249,0.203742143376565,0.6046610244128562,0.9605263157894736,0.6531707175351003,0.4615684658427682,0.5082294779570335,0.9705263157894736,
2023-12-31,2023,4,Wholesale & Retail Trade,0.6207408973159768,0.2725566084388047,0.7057275131348499,1.0,0.8240982604465192,0.5368165879039275,0.7680007548210671,1.0099999999999998,
2024-03-31,2024,1,Wholesale & Retail Trade,0.6329990650474279,0.3346163414570229,0.7230522878645186,0.9407894736842104,0.8614077290106111,0.5936642776167183,0.8101135174040303,0.9507894736842104,
2024-06-30,2024,2,Wholesale & Retail Trade,0.6501927941090141,0.4129748744916897,0.7350972003393732,0.8815789473684209,0.8845023253242155,0.6476811594202899,0.8302451264892867,0.8915789473684209,
2024-09-30,2024,3,Wholesale & Retail Trade,0.6742197595448967,0.5154763755067399,0.737728943421371,0.8223684210526314,0.8953822185856948,0.6973963099982174,0.8348140945367912,0.8323684210526314,
2024-12-31,2024,4,Wholesale & Retail Trade,0.7159491726331215,0.6635043132547587,0.7386669297005517,0.7631578947368419,0.8351374711366072,0.6331884057971015,0.8363129838011321,0.7731578947368419,
